cloneId	geneSymbol	T0_A	T0_B	T0_C	T16_A	T16_B	T16_C
TRCN0000059338	ABCA3	17	17	18	1	3	1
TRCN0000059340	ABCA3	16	16	12	2	3	2
TRCN0000059341	ABCA3	20	22	20	2	7	3
TRCN0000059342	ABCA3	18	19	17	9	8	14
TRCN0000059523	ABCA7	27	26	23	76	25	39
TRCN0000059524	ABCA7	31	35	44	96	96	82
TRCN0000059525	ABCA7	23	22	29	75	64	41
TRCN0000059526	ABCA7	19	17	23	26	50	43
TRCN0000059527	ABCA7	19	21	16	8	10	8
TRCN0000060183	ABCC10	27	22	30	2	1	4
TRCN0000060185	ABCC10	18	19	12	91	241	117
TRCN0000060186	ABCC10	27	28	22	11	2	8
TRCN0000060187	ABCC10	16	14	15	14	40	38
TRCN0000059714	ABCC6	15	15	20	14	12	8
TRCN0000059715	ABCC6	6	7	4	1	1	1
TRCN0000059716	ABCC6	7	7	8	11	26	12
TRCN0000059717	ABCC6	7	7	5	6	7	12
TRCN0000075323	ABHD14B	30	32	32	37	37	16
TRCN0000075324	ABHD14B	14	15	10	1	1	3
TRCN0000075325	ABHD14B	17	16	22	4	10	6
TRCN0000075326	ABHD14B	21	23	23	86	64	103
TRCN0000075327	ABHD14B	19	21	18	7	11	12
TRCN0000035244	ABO	19	19	19	16	40	13
TRCN0000035245	ABO	11	12	11	3	3	2
TRCN0000035246	ABO	14	15	15	19	39	43
TRCN0000035247	ABO	9	7	11	2	5	6
TRCN0000035248	ABO	6	3	13	1	6	1
TRCN0000019604	ACAD8	14	13	7	3	15	3
TRCN0000019605	ACAD8	11	12	9	11	7	6
TRCN0000019606	ACAD8	10	6	11	3	3	2
TRCN0000019607	ACAD8	8	9	16	3	1	1
TRCN0000019608	ACAD8	16	16	12	1	8	1
TRCN0000045698	ACSM1	16	16	22	12	32	19
TRCN0000045699	ACSM1	10	10	8	75	28	19
TRCN0000045700	ACSM1	16	15	16	72	14	15
TRCN0000045701	ACSM1	17	19	23	277	106	114
TRCN0000045702	ACSM1	13	15	11	4	5	7
TRCN0000051483	ADA	9	9	7	6	25	9
TRCN0000051485	ADA	6	4	11	21	2	2
TRCN0000051486	ADA	8	9	8	5	17	1
TRCN0000051487	ADA	3	4	4	1	1	1
TRCN0000053793	ADAMTS13	17	14	19	8	4	4
TRCN0000053794	ADAMTS13	17	18	23	1	1	1
TRCN0000053795	ADAMTS13	28	31	21	33	55	14
TRCN0000053796	ADAMTS13	8	9	10	3	6	10
TRCN0000053797	ADAMTS13	14	14	13	19	7	25
TRCN0000083198	ADM	26	28	18	66	14	19
TRCN0000083199	ADM	18	18	21	2	1	2
TRCN0000083200	ADM	19	18	12	20	44	19
TRCN0000108066	AFF3	12	12	11	11	13	19
TRCN0000108067	AFF3	14	17	14	28	41	25
TRCN0000108068	AFF3	13	13	15	5	12	8
TRCN0000108069	AFF3	12	14	16	10	2	4
TRCN0000035162	AGPAT4	14	14	13	58	5	3
TRCN0000035163	AGPAT4	12	14	13	12	70	13
TRCN0000221934	ALDH1L1	13	15	15	16	8	10
TRCN0000221937	ALDH1L1	11	13	10	31	13	7
TRCN0000052503	ALDOA	8	8	9	34	9	13
TRCN0000052504	ALDOA	8	9	11	6	4	1
TRCN0000052505	ALDOA	10	11	7	10	10	19
TRCN0000052507	ALDOA	11	12	14	4	12	3
TRCN0000000784	ALK	23	25	30	88	15	8
TRCN0000000785	ALK	15	16	22	13	11	26
TRCN0000000786	ALK	29	33	30	29	48	68
TRCN0000000787	ALK	25	24	18	108	101	50
TRCN0000021476	ALPK1	10	9	11	4	28	41
TRCN0000021477	ALPK1	10	9	6	11	11	4
TRCN0000051013	ALPPL2	18	18	24	62	31	18
TRCN0000051014	ALPPL2	10	11	10	11	13	12
TRCN0000051015	ALPPL2	12	13	16	18	30	56
TRCN0000051016	ALPPL2	6	4	8	4	2	1
TRCN0000051017	ALPPL2	26	10	59	42	35	34
TRCN0000084115	AMACR	13	13	13	3	3	6
TRCN0000051793	AMPD2	14	14	16	6	1	1
TRCN0000051795	AMPD2	29	28	23	34	55	55
TRCN0000051796	AMPD2	16	18	9	51	77	29
TRCN0000051797	AMPD2	9	9	16	6	9	7
TRCN0000060928	ANKRD37	39	40	51	16	22	44
TRCN0000060929	ANKRD37	18	19	18	37	11	5
TRCN0000060930	ANKRD37	13	12	12	38	26	26
TRCN0000060931	ANKRD37	15	17	11	25	14	8
TRCN0000077933	ANP32E	13	13	8	9	14	12
TRCN0000077934	ANP32E	24	21	9	20	20	35
TRCN0000077935	ANP32E	10	10	8	3	5	9
TRCN0000077936	ANP32E	10	9	16	7	7	8
TRCN0000077937	ANP32E	9	12	16	5	5	13
TRCN0000065148	AP1G1	26	26	27	30	31	26
TRCN0000065149	AP1G1	33	28	36	12	9	9
TRCN0000065150	AP1G1	23	22	39	124	52	76
TRCN0000065151	AP1G1	23	23	22	48	57	67
TRCN0000065152	AP1G1	21	23	20	90	15	23
TRCN0000083493	APBB1	20	21	25	21	3	30
TRCN0000083494	APBB1	23	22	16	18	34	84
TRCN0000083495	APBB1	15	15	11	1	1	1
TRCN0000083496	APBB1	19	19	14	10	15	22
TRCN0000083497	APBB1	29	26	37	19	35	46
TRCN0000083749	APOA4	10	3	26	4	5	5
TRCN0000083750	APOA4	23	24	4	23	5	4
TRCN0000083751	APOA4	32	33	38	176	156	104
TRCN0000083752	APOA4	18	18	16	70	55	62
TRCN0000052123	APOBEC3F	11	6	17	12	12	17
TRCN0000052124	APOBEC3F	17	17	35	9	16	4
TRCN0000052125	APOBEC3F	38	41	44	2	5	10
TRCN0000052126	APOBEC3F	34	35	30	7	16	3
TRCN0000052127	APOBEC3F	26	28	30	69	81	38
TRCN0000059693	AQP7	13	14	16	24	7	17
TRCN0000059694	AQP7	17	17	25	34	91	361
TRCN0000059695	AQP7	7	5	4	9	1	9
TRCN0000059696	AQP7	7	8	8	39	2	17
TRCN0000059697	AQP7	6	7	7	2	4	8
TRCN0000003714	AR	5	6	15	20	21	10
TRCN0000003715	AR	45	44	50	69	15	89
TRCN0000003717	AR	11	7	12	10	13	12
TRCN0000003718	AR	22	20	21	14	22	10
TRCN0000048354	ARHGAP27	18	19	16	12	25	26
TRCN0000048355	ARHGAP27	21	19	35	3	4	2
TRCN0000048356	ARHGAP27	53	60	73	14	28	79
TRCN0000048357	ARHGAP27	13	13	14	2	2	1
TRCN0000047465	ARHGEF11	12	12	12	80	13	8
TRCN0000047466	ARHGEF11	12	9	15	17	18	5
TRCN0000047467	ARHGEF11	20	19	21	10	132	25
TRCN0000064948	ARL13B	22	24	25	31	114	49
TRCN0000064949	ARL13B	9	5	5	2	8	10
TRCN0000064951	ARL13B	14	8	7	1	4	3
TRCN0000064952	ARL13B	25	28	32	7	10	3
TRCN0000051618	ARSD	21	20	11	7	3	7
TRCN0000051619	ARSD	26	22	15	7	12	13
TRCN0000051620	ARSD	18	19	20	2	5	6
TRCN0000051621	ARSD	15	18	25	29	31	38
TRCN0000045873	ASNS	19	19	20	7	1	15
TRCN0000045874	ASNS	17	11	17	37	61	34
TRCN0000045875	ASNS	10	10	8	12	13	15
TRCN0000045876	ASNS	15	16	10	8	7	6
TRCN0000045877	ASNS	20	23	21	7	3	7
TRCN0000013586	ATOH1	14	14	14	35	24	25
TRCN0000051008	ATP4A	47	48	45	161	32	30
TRCN0000051010	ATP4A	36	36	34	7	6	2
TRCN0000051011	ATP4A	19	19	23	6	26	14
TRCN0000038429	ATP6V0A1	29	26	4	35	28	22
TRCN0000038430	ATP6V0A1	13	8	9	7	7	19
TRCN0000038431	ATP6V0A1	27	26	26	32	48	31
TRCN0000038432	ATP6V0A1	13	13	8	14	26	24
TRCN0000038433	ATP6V0A1	25	23	28	8	7	7
TRCN0000003730	ATXN1	20	22	21	15	2	30
TRCN0000003731	ATXN1	12	11	13	2	1	1
TRCN0000003732	ATXN1	15	16	18	1	2	4
TRCN0000033589	BAG2	27	25	24	69	49	75
TRCN0000033590	BAG2	16	15	12	2	1	1
TRCN0000033591	BAG2	21	24	24	12	19	19
TRCN0000033592	BAG2	22	21	20	19	24	10
TRCN0000033593	BAG2	14	13	8	29	37	43
TRCN0000033459	BCOR	13	9	31	6	8	6
TRCN0000033460	BCOR	27	29	23	48	51	83
TRCN0000033461	BCOR	27	30	25	49	20	53
TRCN0000033462	BCOR	37	39	38	38	29	102
TRCN0000033463	BCOR	14	15	17	18	5	16
TRCN0000074893	BUD13	20	17	24	3	13	8
TRCN0000074894	BUD13	20	17	20	24	17	7
TRCN0000074895	BUD13	18	18	13	12	3	13
TRCN0000074896	BUD13	18	16	18	3	41	4
TRCN0000074897	BUD13	11	11	8	57	15	10
TRCN0000005647	C1orf56	5	5	4	12	16	3
TRCN0000005648	C1orf56	12	11	10	5	5	3
TRCN0000005649	C1orf56	10	12	7	3	17	19
TRCN0000005766	C2orf49	21	22	20	57	44	46
TRCN0000005769	C2orf49	5	4	5	1	1	1
TRCN0000005770	C2orf49	10	11	4	7	4	9
TRCN0000061763	CASP8AP2	23	23	24	37	7	27
TRCN0000061764	CASP8AP2	31	33	23	66	66	72
TRCN0000061765	CASP8AP2	8	6	8	2	13	2
TRCN0000061766	CASP8AP2	40	46	46	1	1	4
TRCN0000061767	CASP8AP2	36	32	20	1	1	3
TRCN0000046373	CBR1	22	23	18	24	90	17
TRCN0000046374	CBR1	20	22	17	3	1	1
TRCN0000046375	CBR1	18	18	21	23	13	10
TRCN0000046376	CBR1	9	8	9	31	9	11
TRCN0000046377	CBR1	18	19	16	24	33	33
TRCN0000020189	CCNC	13	13	9	8	7	7
TRCN0000020190	CCNC	5	6	4	1	1	1
TRCN0000020191	CCNC	5	6	4	10	1	4
TRCN0000020193	CCNC	7	8	3	4	3	4
TRCN0000045318	CCNG2	17	17	17	12	2	7
TRCN0000045319	CCNG2	7	3	16	5	12	12
TRCN0000045320	CCNG2	9	8	10	11	4	1
TRCN0000045321	CCNG2	19	19	7	9	2	7
TRCN0000045322	CCNG2	12	12	9	2	10	25
TRCN0000078253	CDADC1	19	20	21	1	1	1
TRCN0000078254	CDADC1	10	9	9	29	24	60
TRCN0000078256	CDADC1	25	22	29	5	7	7
TRCN0000017933	CDCA7L	26	26	33	8	16	9
TRCN0000017934	CDCA7L	20	18	18	42	39	55
TRCN0000017935	CDCA7L	9	9	12	1	2	4
TRCN0000017936	CDCA7L	17	16	24	52	20	41
TRCN0000017937	CDCA7L	23	21	17	20	33	15
TRCN0000045258	CDK5R2	26	27	30	12	5	5
TRCN0000045259	CDK5R2	12	10	13	9	7	14
TRCN0000045260	CDK5R2	16	14	31	53	68	135
TRCN0000045261	CDK5R2	10	9	14	4	9	8
TRCN0000045262	CDK5R2	6	6	6	4	1	3
TRCN0000035860	CDS2	14	15	12	33	43	41
TRCN0000035861	CDS2	9	9	12	6	4	2
TRCN0000035862	CDS2	4	4	3	1	9	3
TRCN0000035863	CDS2	15	15	9	16	47	52
TRCN0000062298	CEACAM6	15	15	14	41	43	40
TRCN0000062299	CEACAM6	23	24	16	1	20	1
TRCN0000062300	CEACAM6	18	17	22	27	6	11
TRCN0000062301	CEACAM6	22	22	21	22	24	11
TRCN0000062302	CEACAM6	14	11	18	6	1	2
TRCN0000034604	CHPF2	15	14	19	29	20	38
TRCN0000034608	CHPF2	22	21	32	1	1	13
TRCN0000061133	CHRNA5	15	15	18	64	25	38
TRCN0000061134	CHRNA5	12	12	9	3	1	3
TRCN0000061135	CHRNA5	15	16	13	2	3	7
TRCN0000061136	CHRNA5	18	18	16	36	51	41
TRCN0000036334	CHST13	6	6	17	1	10	1
TRCN0000036335	CHST13	6	7	7	12	73	45
TRCN0000036338	CHST13	5	5	5	5	5	1
TRCN0000044968	CLCN4	10	5	10	25	36	23
TRCN0000044969	CLCN4	4	4	5	1	1	2
TRCN0000044970	CLCN4	10	9	5	8	19	8
TRCN0000044971	CLCN4	13	12	28	15	13	34
TRCN0000044972	CLCN4	8	8	5	8	7	1
TRCN0000018974	CLOCK	10	10	10	5	8	27
TRCN0000018975	CLOCK	12	12	11	12	7	13
TRCN0000018976	CLOCK	15	13	18	16	4	35
TRCN0000018977	CLOCK	6	3	17	6	14	9
TRCN0000018978	CLOCK	14	12	16	6	3	5
TRCN0000006440	CMPK1	8	11	8	3	1	11
TRCN0000006441	CMPK1	10	11	8	24	5	2
TRCN0000006442	CMPK1	8	10	10	13	7	20
TRCN0000006443	CMPK1	20	19	29	22	5	13
TRCN0000013408	CNOT8	22	23	15	4	5	7
TRCN0000013409	CNOT8	18	18	14	25	18	13
TRCN0000013410	CNOT8	12	12	14	34	14	23
TRCN0000013412	CNOT8	14	14	12	7	12	1
TRCN0000083068	COL11A2	23	24	25	25	15	10
TRCN0000083069	COL11A2	27	26	22	1	1	1
TRCN0000083070	COL11A2	23	25	19	22	78	77
TRCN0000083071	COL11A2	21	19	22	10	8	5
TRCN0000083072	COL11A2	4	5	3	1	1	1
TRCN0000116557	COL14A1	12	11	12	2	1	5
TRCN0000116558	COL14A1	8	9	6	23	12	9
TRCN0000116559	COL14A1	19	19	17	10	39	14
TRCN0000116560	COL14A1	11	11	10	1	1	2
TRCN0000116561	COL14A1	12	12	14	1	1	1
TRCN0000003622	COL6A3	20	20	21	26	18	40
TRCN0000003623	COL6A3	21	20	30	9	5	11
TRCN0000003624	COL6A3	7	3	23	1	1	3
TRCN0000003625	COL6A3	24	25	31	48	30	29
TRCN0000003626	COL6A3	14	15	23	5	7	3
TRCN0000003568	COL7A1	11	12	9	2	39	2
TRCN0000003569	COL7A1	11	10	9	2	1	5
TRCN0000003570	COL7A1	11	12	18	1	1	1
TRCN0000003571	COL7A1	15	18	23	52	14	63
TRCN0000046288	COX4I1	111	110	162	89	19	30
TRCN0000046289	COX4I1	70	39	94	2	6	1
TRCN0000046290	COX4I1	115	120	91	151	102	83
TRCN0000046291	COX4I1	94	92	114	65	71	119
TRCN0000046292	COX4I1	56	51	62	196	216	390
TRCN0000046838	CPA2	6	5	7	2	2	13
TRCN0000046840	CPA2	11	13	9	13	31	22
TRCN0000046841	CPA2	11	10	4	16	46	99
TRCN0000046988	CPA4	12	14	25	2	1	2
TRCN0000046989	CPA4	26	25	28	3	1	3
TRCN0000046990	CPA4	23	27	28	31	11	17
TRCN0000046991	CPA4	30	31	23	6	29	49
TRCN0000046992	CPA4	15	15	21	2	18	2
TRCN0000035354	CPT1C	35	37	40	3	3	2
TRCN0000035355	CPT1C	15	16	18	4	3	5
TRCN0000035356	CPT1C	9	10	9	6	2	14
TRCN0000035357	CPT1C	9	7	15	1	1	1
TRCN0000056128	CRB2	14	9	17	6	8	13
TRCN0000056129	CRB2	6	4	11	12	6	12
TRCN0000013728	CRX	30	30	20	9	24	16
TRCN0000013729	CRX	22	24	22	11	31	16
TRCN0000013731	CRX	17	19	20	2	1	4
TRCN0000013732	CRX	16	16	23	2	2	6
TRCN0000006750	CST4	12	10	9	8	11	31
TRCN0000006751	CST4	16	19	27	7	13	6
TRCN0000006752	CST4	16	16	12	55	18	50
TRCN0000006753	CST4	23	22	26	10	8	15
TRCN0000013738	CTBP1	30	30	31	2	2	2
TRCN0000013739	CTBP1	35	33	36	89	39	24
TRCN0000013740	CTBP1	11	6	10	7	35	13
TRCN0000013741	CTBP1	12	12	16	46	25	30
TRCN0000013742	CTBP1	13	12	14	4	3	2
TRCN0000019179	CTCFL	17	17	14	15	5	14
TRCN0000019180	CTCFL	10	11	7	8	1	7
TRCN0000019181	CTCFL	12	14	11	4	3	2
TRCN0000019182	CTCFL	25	25	25	8	19	1
TRCN0000019183	CTCFL	21	22	22	1	1	1
TRCN0000003646	CTSZ	20	19	22	1	1	1
TRCN0000003647	CTSZ	10	8	6	1	1	4
TRCN0000003648	CTSZ	17	16	13	3	10	4
TRCN0000003649	CTSZ	7	5	5	3	20	48
TRCN0000064273	CYP11A1	30	29	24	16	9	33
TRCN0000064274	CYP11A1	10	10	11	8	1	3
TRCN0000064275	CYP11A1	40	39	46	23	11	16
TRCN0000064276	CYP11A1	21	21	23	1	1	1
TRCN0000064277	CYP11A1	5	5	4	8	2	7
TRCN0000020809	DACH2	10	10	12	1	3	1
TRCN0000020810	DACH2	7	8	10	2	4	3
TRCN0000020811	DACH2	4	4	4	2	1	1
TRCN0000020813	DACH2	18	22	17	37	26	23
TRCN0000021009	DCP1A	38	34	25	24	12	5
TRCN0000021010	DCP1A	14	16	9	22	9	25
TRCN0000021011	DCP1A	26	25	49	17	41	37
TRCN0000021012	DCP1A	25	30	25	4	5	7
TRCN0000001417	DDR2	12	12	7	74	8	4
TRCN0000001418	DDR2	10	11	9	5	6	19
TRCN0000001419	DDR2	15	14	12	18	12	27
TRCN0000001421	DDR2	6	5	5	1	1	1
TRCN0000051128	DDX19B	30	30	44	2	7	2
TRCN0000051129	DDX19B	19	20	21	3	3	21
TRCN0000051130	DDX19B	35	38	37	51	57	40
TRCN0000051131	DDX19B	16	15	17	1	1	6
TRCN0000051132	DDX19B	24	21	18	1	2	1
TRCN0000001267	DDX41	15	16	12	17	20	35
TRCN0000001268	DDX41	15	15	23	1	1	1
TRCN0000001269	DDX41	12	12	16	37	4	2
TRCN0000001270	DDX41	14	15	23	8	38	9
TRCN0000001271	DDX41	9	10	10	11	24	4
TRCN0000049953	DDX54	14	16	17	19	19	46
TRCN0000049954	DDX54	19	17	17	1	1	1
TRCN0000049955	DDX54	38	38	37	4	6	13
TRCN0000049956	DDX54	13	13	12	1	1	1
TRCN0000056763	DEFA6	8	7	11	1	1	1
TRCN0000056764	DEFA6	5	4	6	1	8	3
TRCN0000056765	DEFA6	5	6	6	2	5	7
TRCN0000056766	DEFA6	9	11	6	17	16	9
TRCN0000056767	DEFA6	14	14	11	1	2	1
TRCN0000003701	DFFA	9	9	9	2	4	2
TRCN0000003702	DFFA	11	12	14	3	2	4
TRCN0000003703	DFFA	14	14	18	4	5	1
TRCN0000003704	DFFA	12	12	15	24	9	17
TRCN0000003705	DFFB	15	12	28	34	29	32
TRCN0000003706	DFFB	17	18	26	2	2	7
TRCN0000003707	DFFB	15	14	16	96	28	100
TRCN0000003708	DFFB	9	9	5	3	1	3
TRCN0000035029	DIMT1L	18	20	18	39	32	48
TRCN0000035030	DIMT1L	34	37	29	22	28	27
TRCN0000035031	DIMT1L	17	17	14	6	9	12
TRCN0000035033	DIMT1L	11	11	17	13	5	10
TRCN0000001097	DNM1L	11	12	12	1	1	1
TRCN0000001099	DNM1L	15	14	16	3	1	1
TRCN0000036020	DPAGT1	12	14	10	5	3	5
TRCN0000036021	DPAGT1	12	12	15	6	14	17
TRCN0000036022	DPAGT1	11	12	8	8	24	35
TRCN0000036023	DPAGT1	15	17	9	2	1	4
TRCN0000054200	DTNB	19	19	15	5	36	27
TRCN0000054201	DTNB	49	54	50	25	27	36
TRCN0000004559	DTX2	14	12	19	7	9	7
TRCN0000004560	DTX2	18	12	23	3	4	4
TRCN0000004561	DTX2	15	15	12	46	46	53
TRCN0000002741	ENPP7	19	21	27	2	4	2
TRCN0000002744	ENPP7	12	11	18	23	4	20
TRCN0000059068	ERBB2IP	10	10	8	2	2	1
TRCN0000059070	ERBB2IP	11	12	15	5	12	1
TRCN0000059071	ERBB2IP	28	27	25	94	1	1
TRCN0000059072	ERBB2IP	11	11	19	2	1	1
TRCN0000074303	EXOC3	14	16	19	19	29	85
TRCN0000074304	EXOC3	17	17	15	2	1	4
TRCN0000074305	EXOC3	18	18	14	4	17	10
TRCN0000074306	EXOC3	19	18	19	65	19	11
TRCN0000074307	EXOC3	13	10	14	5	5	17
TRCN0000059643	FABP1	22	25	33	67	49	141
TRCN0000059644	FABP1	11	10	10	309	22	10
TRCN0000059647	FABP1	11	11	7	9	25	27
TRCN0000082858	FANCG	13	11	24	2	5	4
TRCN0000082860	FANCG	18	18	21	36	20	14
TRCN0000082861	FANCG	30	32	28	13	6	7
TRCN0000082862	FANCG	18	20	22	1	1	1
TRCN0000050768	FBP2	20	19	6	3	1	2
TRCN0000050769	FBP2	14	15	16	159	99	106
TRCN0000050770	FBP2	9	9	10	6	3	3
TRCN0000050771	FBP2	17	18	14	94	40	39
TRCN0000050772	FBP2	21	23	25	33	15	23
TRCN0000004281	FBXL3	11	11	12	1	2	8
TRCN0000004282	FBXL3	19	19	8	49	18	46
TRCN0000004283	FBXL3	17	16	17	33	28	32
TRCN0000004284	FBXL3	14	14	12	61	42	68
TRCN0000004285	FBXL3	11	11	8	1	4	4
TRCN0000058668	FGF21	13	9	16	6	20	13
TRCN0000058671	FGF21	8	8	7	1	1	1
TRCN0000083763	FGG	47	51	36	165	107	248
TRCN0000083764	FGG	49	49	49	23	52	27
TRCN0000083765	FGG	44	45	44	47	11	22
TRCN0000083766	FGG	29	24	6	14	23	17
TRCN0000083767	FGG	8	9	7	12	48	15
TRCN0000074418	FIP1L1	26	27	13	1	1	1
TRCN0000074419	FIP1L1	23	24	18	12	9	33
TRCN0000074420	FIP1L1	16	16	11	1	1	1
TRCN0000074421	FIP1L1	29	28	24	10	16	27
TRCN0000074422	FIP1L1	37	34	35	21	22	58
TRCN0000029429	FTH1	7	4	8	3	10	2
TRCN0000029430	FTH1	10	10	10	5	16	19
TRCN0000029431	FTH1	12	13	12	14	10	57
TRCN0000029432	FTH1	13	13	7	4	2	7
TRCN0000029433	FTH1	17	17	17	21	15	19
TRCN0000051699	GALNS	22	18	17	8	15	4
TRCN0000051700	GALNS	43	40	36	19	12	12
TRCN0000051701	GALNS	11	5	36	9	34	18
TRCN0000220605	GAPVD1	19	20	23	3	2	1
TRCN0000220606	GAPVD1	19	18	13	76	28	14
TRCN0000220607	GAPVD1	14	15	23	1	1	1
TRCN0000220608	GAPVD1	14	13	12	5	2	5
TRCN0000037634	GK	21	20	22	6	4	3
TRCN0000037635	GK	16	17	19	3	12	9
TRCN0000037637	GK	27	30	17	23	26	16
TRCN0000037638	GK	21	21	20	8	18	9
TRCN0000046458	GMPR	8	11	4	6	7	6
TRCN0000046459	GMPR	16	16	14	14	10	12
TRCN0000046460	GMPR	9	10	6	29	35	5
TRCN0000046461	GMPR	8	9	8	19	5	5
TRCN0000046462	GMPR	28	27	17	10	6	6
TRCN0000036464	GNA15	11	13	11	6	3	7
TRCN0000036465	GNA15	9	9	12	12	20	6
TRCN0000036466	GNA15	19	19	18	18	14	27
TRCN0000036468	GNA15	10	9	14	16	22	15
TRCN0000034824	GOT2	16	16	18	6	29	6
TRCN0000034825	GOT2	14	11	21	19	3	19
TRCN0000034826	GOT2	15	15	22	44	61	81
TRCN0000034827	GOT2	18	18	16	10	22	10
TRCN0000034828	GOT2	19	18	22	13	12	14
TRCN0000014518	GPR123	61	66	79	10	13	30
TRCN0000014519	GPR123	15	16	24	4	2	10
TRCN0000014520	GPR123	23	23	24	5	3	5
TRCN0000014521	GPR123	19	17	13	82	29	99
TRCN0000014522	GPR123	8	5	7	2	11	3
TRCN0000014403	GPR151	27	28	31	14	5	7
TRCN0000014404	GPR151	26	28	35	19	28	28
TRCN0000014407	GPR151	10	10	12	9	3	22
TRCN0000062923	GPR158	32	29	25	1	1	1
TRCN0000062924	GPR158	27	29	23	14	20	32
TRCN0000062925	GPR158	22	24	13	23	34	15
TRCN0000062926	GPR158	24	25	32	70	73	86
TRCN0000062927	GPR158	30	30	45	15	28	9
TRCN0000221114	GPR183	33	35	37	79	45	72
TRCN0000221115	GPR183	45	47	50	65	68	86
TRCN0000221116	GPR183	12	4	18	5	7	3
TRCN0000221117	GPR183	23	24	21	4	13	3
TRCN0000221118	GPR183	48	49	55	5	12	7
TRCN0000008887	GPR35	15	18	15	10	5	4
TRCN0000008888	GPR35	17	18	14	3	1	1
TRCN0000008889	GPR35	27	22	30	9	22	26
TRCN0000008890	GPR35	31	30	29	20	10	18
TRCN0000008891	GPR35	11	11	11	14	17	45
TRCN0000011611	GPR55	6	6	11	1	1	2
TRCN0000011612	GPR55	12	11	18	12	17	3
TRCN0000011613	GPR55	5	5	5	1	1	2
TRCN0000011614	GPR55	17	16	16	134	26	23
TRCN0000029369	GRB2	26	25	34	3	3	5
TRCN0000029370	GRB2	17	18	13	35	17	35
TRCN0000029372	GRB2	6	7	4	1	1	3
TRCN0000029373	GRB2	24	27	29	7	10	30
TRCN0000009024	GRM5	7	6	8	16	10	8
TRCN0000009025	GRM5	16	16	12	1	1	1
TRCN0000009026	GRM5	7	5	10	2	15	21
TRCN0000046423	GSR	5	6	10	6	12	1
TRCN0000046424	GSR	11	10	9	1	2	1
TRCN0000046425	GSR	8	8	8	5	2	7
TRCN0000046426	GSR	6	5	4	1	1	7
TRCN0000046427	GSR	10	12	11	4	5	13
TRCN0000017378	GTF2A1L	12	14	17	110	4	4
TRCN0000017379	GTF2A1L	19	19	21	5	11	22
TRCN0000017380	GTF2A1L	23	24	39	2	4	5
TRCN0000017381	GTF2A1L	11	11	12	2	1	5
TRCN0000017382	GTF2A1L	19	21	14	24	105	75
TRCN0000048039	GTPBP5	25	18	31	30	63	44
TRCN0000048040	GTPBP5	18	8	30	9	15	15
TRCN0000048041	GTPBP5	17	14	27	24	43	19
TRCN0000048042	GTPBP5	17	17	21	8	17	10
TRCN0000006817	GZMH	13	11	15	12	24	35
TRCN0000006818	GZMH	18	19	25	47	41	64
TRCN0000006819	GZMH	24	25	18	21	41	77
TRCN0000006820	GZMH	32	31	25	7	30	13
TRCN0000006821	GZMH	18	19	13	4	3	12
TRCN0000006827	GZMM	5	7	8	2	3	1
TRCN0000006828	GZMM	7	4	5	1	3	1
TRCN0000006829	GZMM	5	5	5	14	53	1
TRCN0000046123	HAO2	9	9	5	15	26	2
TRCN0000046124	HAO2	13	13	15	114	73	49
TRCN0000046125	HAO2	9	9	6	24	47	49
TRCN0000046127	HAO2	8	9	11	17	6	15
TRCN0000045723	HARS	15	9	15	2	8	11
TRCN0000045724	HARS	9	8	7	11	3	24
TRCN0000045725	HARS	13	13	12	47	20	42
TRCN0000045727	HARS	20	22	23	3	14	11
TRCN0000060028	HEPH	14	14	11	3	2	2
TRCN0000060029	HEPH	43	40	49	151	121	150
TRCN0000060030	HEPH	31	34	19	15	24	19
TRCN0000060031	HEPH	8	8	6	4	4	6
TRCN0000060032	HEPH	21	20	29	11	4	8
TRCN0000074173	HEXIM1	9	9	9	5	8	2
TRCN0000074174	HEXIM1	17	15	11	3	1	3
TRCN0000074175	HEXIM1	13	13	10	2	2	6
TRCN0000074176	HEXIM1	5	6	8	5	3	1
TRCN0000106805	HIST1H1B	11	9	9	4	5	4
TRCN0000106806	HIST1H1B	6	7	6	24	22	36
TRCN0000106808	HIST1H1B	7	7	8	1	3	2
TRCN0000106809	HIST1H1B	17	18	19	44	35	33
TRCN0000106760	HIST1H2AH	9	9	16	4	46	3
TRCN0000106761	HIST1H2AH	9	8	15	31	7	9
TRCN0000106763	HIST1H2AH	8	10	14	5	6	6
TRCN0000106764	HIST1H2AH	13	14	17	30	11	19
TRCN0000106775	HIST1H3I	10	10	8	11	1	3
TRCN0000106776	HIST1H3I	10	9	9	3	2	3
TRCN0000106777	HIST1H3I	5	5	7	2	1	2
TRCN0000106778	HIST1H3I	6	7	7	2	1	1
TRCN0000106779	HIST1H3I	13	13	17	4	2	4
TRCN0000057278	HLA-DRB3	7	8	5	1	1	1
TRCN0000057280	HLA-DRB3	13	13	8	5	7	10
TRCN0000057281	HLA-DRB3	15	15	19	1	1	2
TRCN0000057282	HLA-DRB3	8	8	7	6	5	2
TRCN0000019105	HMGN3	8	7	8	86	45	65
TRCN0000019107	HMGN3	7	7	8	19	22	3
TRCN0000062453	HNRNPK	17	16	21	4	17	16
TRCN0000062454	HNRNPK	11	11	20	1	1	2
TRCN0000062455	HNRNPK	13	14	29	1	1	1
TRCN0000062456	HNRNPK	22	20	22	1	1	1
TRCN0000062457	HNRNPK	13	15	13	2	1	1
TRCN0000001238	HNRNPR	13	13	5	20	13	14
TRCN0000001239	HNRNPR	22	21	15	56	239	39
TRCN0000001240	HNRNPR	17	18	18	2	2	2
TRCN0000001241	HNRNPR	29	30	29	3	2	8
TRCN0000001242	HNRNPR	18	18	15	7	14	24
TRCN0000015028	HOXA1	10	10	11	4	12	4
TRCN0000015029	HOXA1	9	3	8	3	5	9
TRCN0000015030	HOXA1	14	13	14	21	26	10
TRCN0000015032	HOXA1	28	28	24	35	20	33
TRCN0000009071	HRH3	16	18	16	110	42	63
TRCN0000009072	HRH3	8	9	9	8	6	7
TRCN0000009073	HRH3	4	3	5	2	1	5
TRCN0000009074	HRH3	6	3	20	4	86	13
TRCN0000050918	HRSP12	10	9	11	1	1	1
TRCN0000050919	HRSP12	12	13	17	16	34	5
TRCN0000050920	HRSP12	7	7	3	7	10	10
TRCN0000050921	HRSP12	17	16	20	10	76	24
TRCN0000050922	HRSP12	11	10	8	1	1	1
TRCN0000028042	HSD17B13	12	13	17	11	19	33
TRCN0000028050	HSD17B13	13	13	15	1	2	4
TRCN0000028059	HSD17B13	13	13	8	2	6	8
TRCN0000028115	HSD17B13	21	22	18	1	1	4
TRCN0000028121	HSD17B13	13	14	15	8	4	11
TRCN0000016958	HSF5	25	27	25	16	33	45
TRCN0000016959	HSF5	6	6	3	1	1	3
TRCN0000016960	HSF5	24	24	17	3	5	2
TRCN0000016961	HSF5	5	4	4	1	2	1
TRCN0000016962	HSF5	21	19	13	11	15	6
TRCN0000016613	HSFX1	17	6	22	19	106	55
TRCN0000016614	HSFX1	22	22	27	2	5	1
TRCN0000016615	HSFX1	11	11	10	5	2	3
TRCN0000016616	HSFX1	21	21	29	10	4	15
TRCN0000016617	HSFX1	5	4	4	9	3	4
TRCN0000006587	HTATSF1	5	6	8	1	1	1
TRCN0000006588	HTATSF1	12	13	11	3	4	2
TRCN0000006589	HTATSF1	21	21	22	1	1	1
TRCN0000006591	HTATSF1	20	21	17	17	54	38
TRCN0000062963	HTR3C	29	30	23	32	58	20
TRCN0000062964	HTR3C	9	10	6	5	8	3
TRCN0000062965	HTR3C	17	19	19	42	15	38
TRCN0000062966	HTR3C	14	15	15	13	13	106
TRCN0000062967	HTR3C	12	13	15	5	7	3
TRCN0000010294	IGBP1	7	9	8	9	11	3
TRCN0000039963	IGBP1	8	8	7	7	1	11
TRCN0000039964	IGBP1	6	4	3	1	1	1
TRCN0000039965	IGBP1	4	5	6	1	1	1
TRCN0000039966	IGBP1	7	6	8	1	1	2
TRCN0000295883	IGBP1	12	13	16	1	1	2
TRCN0000072508	IGFBP3	35	29	30	34	19	45
TRCN0000072509	IGFBP3	33	35	25	73	42	57
TRCN0000072510	IGFBP3	15	18	19	2	1	2
TRCN0000072512	IGFBP3	16	16	21	9	3	4
TRCN0000058168	IL21R	14	12	21	8	12	120
TRCN0000058169	IL21R	8	6	6	1	1	3
TRCN0000058170	IL21R	9	9	8	12	42	7
TRCN0000058171	IL21R	3	4	5	1	3	3
TRCN0000058172	IL21R	11	10	15	26	35	18
TRCN0000058938	IL22RA1	10	10	8	18	9	11
TRCN0000058939	IL22RA1	9	10	13	10	15	38
TRCN0000058940	IL22RA1	9	7	8	4	5	5
TRCN0000058183	IL4	12	10	17	7	14	6
TRCN0000058184	IL4	11	10	13	5	18	1
TRCN0000058187	IL4	21	26	32	7	17	66
TRCN0000059184	IL7	15	17	14	13	15	25
TRCN0000059185	IL7	37	39	38	278	38	81
TRCN0000059186	IL7	31	32	20	26	51	33
TRCN0000059187	IL7	27	29	27	47	58	38
TRCN0000060983	ILDR1	16	17	24	64	65	25
TRCN0000060984	ILDR1	19	22	29	9	16	7
TRCN0000060985	ILDR1	16	18	17	48	35	6
TRCN0000060986	ILDR1	19	19	16	49	28	57
TRCN0000014803	IRF5	25	25	22	35	24	37
TRCN0000014804	IRF5	48	49	48	65	63	123
TRCN0000014805	IRF5	47	43	65	31	26	12
TRCN0000014806	IRF5	13	15	16	9	43	9
TRCN0000014807	IRF5	40	39	40	28	31	35
TRCN0000007420	ISG15	5	5	7	1	1	1
TRCN0000007421	ISG15	13	13	12	16	7	7
TRCN0000007422	ISG15	7	6	6	2	1	4
TRCN0000045918	ISYNA1	7	7	10	7	7	9
TRCN0000045920	ISYNA1	10	11	9	1	1	1
TRCN0000045921	ISYNA1	8	8	15	7	2	7
TRCN0000045922	ISYNA1	10	11	11	24	12	15
TRCN0000057753	ITGA11	24	24	14	25	57	26
TRCN0000057754	ITGA11	28	27	31	8	16	10
TRCN0000057755	ITGA11	14	15	22	25	7	2
TRCN0000057756	ITGA11	12	11	18	3	6	4
TRCN0000057757	ITGA11	17	17	12	2	14	1
TRCN0000003102	JAK1	7	7	6	35	11	16
TRCN0000003104	JAK1	11	11	7	12	2	6
TRCN0000048208	KALRN	11	4	19	9	29	45
TRCN0000048209	KALRN	35	37	28	24	44	38
TRCN0000048210	KALRN	16	14	15	4	7	5
TRCN0000048211	KALRN	43	45	41	22	11	14
TRCN0000048212	KALRN	52	52	50	51	119	104
TRCN0000043938	KCNA1	7	7	6	4	2	3
TRCN0000043939	KCNA1	12	13	9	1	1	3
TRCN0000043940	KCNA1	11	9	9	5	6	3
TRCN0000043941	KCNA1	11	11	7	5	2	18
TRCN0000043942	KCNA1	6	6	10	3	2	5
TRCN0000045108	KCNG1	8	7	8	28	5	18
TRCN0000045109	KCNG1	13	12	14	17	10	18
TRCN0000045110	KCNG1	6	7	16	4	5	2
TRCN0000045112	KCNG1	9	10	9	13	5	17
TRCN0000053323	KIAA0494	32	34	32	36	54	27
TRCN0000053325	KIAA0494	20	21	13	13	12	14
TRCN0000053326	KIAA0494	21	21	16	17	9	10
TRCN0000053327	KIAA0494	15	15	18	21	9	19
TRCN0000074163	KIF4A	10	10	11	20	32	10
TRCN0000074164	KIF4A	13	14	14	4	10	5
TRCN0000074165	KIF4A	13	15	20	9	22	5
TRCN0000074166	KIF4A	7	4	14	2	3	8
TRCN0000060458	LBR	13	12	12	7	20	12
TRCN0000060459	LBR	24	25	29	8	8	7
TRCN0000060460	LBR	36	38	31	86	136	86
TRCN0000060462	LBR	14	14	10	7	18	11
TRCN0000036979	LCMT2	25	26	34	11	8	7
TRCN0000036980	LCMT2	19	23	30	3	3	6
TRCN0000036981	LCMT2	24	27	26	49	86	61
TRCN0000036982	LCMT2	31	29	42	44	26	29
TRCN0000036983	LCMT2	47	49	47	56	53	21
TRCN0000060558	LILRA4	18	16	22	2	5	5
TRCN0000060560	LILRA4	18	20	19	19	15	8
TRCN0000060562	LILRA4	23	27	19	5	5	6
TRCN0000036859	LOC164036	41	42	28	27	57	27
TRCN0000036860	LOC164036	56	55	47	304	506	454
TRCN0000036862	LOC164036	39	41	31	216	135	97
TRCN0000036863	LOC164036	50	55	54	79	132	107
TRCN0000028049	LOC220729	9	9	9	2	1	2
TRCN0000028056	LOC220729	10	10	7	39	4	42
TRCN0000028099	LOC220729	18	18	19	7	4	16
TRCN0000028122	LOC220729	18	17	16	11	15	38
TRCN0000052778	LOC387870	28	30	33	18	7	11
TRCN0000052779	LOC387870	27	28	43	104	65	45
TRCN0000052781	LOC387870	14	16	25	37	50	47
TRCN0000052782	LOC387870	21	20	28	48	23	70
TRCN0000036584	LOC389314	94	101	95	79	160	126
TRCN0000036586	LOC389314	85	82	18	121	174	182
TRCN0000036587	LOC389314	85	83	5	24	61	61
TRCN0000036588	LOC389314	12	10	13	7	1	5
TRCN0000020914	LOC391745	7	9	7	4	11	6
TRCN0000020916	LOC391745	6	4	19	21	18	5
TRCN0000020917	LOC391745	18	17	22	15	34	6
TRCN0000020918	LOC391745	5	5	7	3	1	3
TRCN0000021144	LOC391764	20	22	20	6	10	11
TRCN0000021145	LOC391764	13	14	14	18	29	26
TRCN0000021146	LOC391764	13	13	13	2	7	11
TRCN0000021147	LOC391764	16	17	19	3	1	4
TRCN0000021148	LOC391764	16	16	13	27	33	77
TRCN0000016243	LOC391767	22	20	22	9	18	10
TRCN0000016244	LOC391767	20	23	31	9	10	10
TRCN0000016245	LOC391767	11	10	11	3	4	13
TRCN0000016246	LOC391767	9	10	12	11	17	11
TRCN0000016247	LOC391767	8	8	6	1	6	2
TRCN0000038134	LOC401605	4	5	3	26	6	5
TRCN0000038135	LOC401605	18	17	23	27	45	42
TRCN0000038136	LOC401605	32	31	24	11	29	34
TRCN0000038137	LOC401605	21	21	19	60	72	42
TRCN0000038138	LOC401605	23	26	36	9	15	20
TRCN0000017168	LOC402280	6	6	6	2	1	2
TRCN0000017169	LOC402280	15	15	16	9	17	11
TRCN0000017170	LOC402280	6	6	3	5	2	4
TRCN0000017171	LOC402280	8	8	12	1	1	1
TRCN0000017172	LOC402280	13	14	23	6	25	14
TRCN0000082358	LOC439955	17	15	16	27	41	27
TRCN0000082359	LOC439955	9	10	10	5	13	4
TRCN0000082360	LOC439955	14	13	6	81	34	42
TRCN0000082361	LOC439955	9	8	6	19	15	25
TRCN0000082362	LOC439955	12	12	14	2	9	4
TRCN0000082548	LOC441902	10	9	14	25	7	12
TRCN0000082549	LOC441902	16	16	9	13	9	31
TRCN0000082550	LOC441902	11	11	10	11	44	4
TRCN0000082552	LOC441902	15	14	23	22	42	99
TRCN0000050108	LPPR2	11	11	8	2	6	3
TRCN0000050110	LPPR2	13	14	14	13	5	5
TRCN0000050111	LPPR2	8	10	15	1	1	2
TRCN0000005215	LRRC32	11	11	11	11	17	12
TRCN0000005216	LRRC32	15	15	18	5	21	12
TRCN0000005217	LRRC32	16	17	21	26	7	6
TRCN0000005218	LRRC32	10	10	9	1	3	3
TRCN0000005219	LRRC32	8	9	6	2	1	2
TRCN0000063953	LY6H	13	14	14	8	10	27
TRCN0000063954	LY6H	27	27	30	6	3	4
TRCN0000063955	LY6H	17	17	24	58	120	80
TRCN0000063956	LY6H	29	30	29	48	99	65
TRCN0000052064	LYPLA1	33	33	33	370	440	160
TRCN0000052065	LYPLA1	32	30	33	2	7	1
TRCN0000052066	LYPLA1	38	33	37	42	48	50
TRCN0000052067	LYPLA1	18	17	17	9	17	19
TRCN0000049613	MAN2A1	45	45	56	11	15	17
TRCN0000049614	MAN2A1	29	31	27	29	44	41
TRCN0000049615	MAN2A1	74523	77057	68707	15292	17522	18094
TRCN0000049616	MAN2A1	28	29	18	26	23	22
TRCN0000049617	MAN2A1	17	18	21	14	22	26
TRCN0000000731	MAP3K14	9	9	9	5	35	23
TRCN0000000732	MAP3K14	10	9	5	24	17	23
TRCN0000000733	MAP3K14	7	8	9	4	43	5
TRCN0000000734	MAP3K14	11	12	15	7	1	5
TRCN0000003151	MAPKAP1	18	20	10	75	12	43
TRCN0000003153	MAPKAP1	24	23	20	2	7	2
TRCN0000010374	MAX	6	5	7	14	8	6
TRCN0000010375	MAX	16	15	24	1	1	3
TRCN0000039863	MAX	6	4	4	6	3	6
TRCN0000039864	MAX	49	51	40	13	16	13
TRCN0000039865	MAX	27	31	24	16	23	22
TRCN0000039866	MAX	20	22	32	38	60	84
TRCN0000039867	MAX	10	10	11	5	7	5
TRCN0000000267	MCM5	19	19	29	1	3	1
TRCN0000000268	MCM5	13	15	21	3	4	4
TRCN0000000270	MCM5	10	10	12	5	1	2
TRCN0000021239	MECP2	14	14	10	12	15	19
TRCN0000021240	MECP2	9	11	16	9	9	9
TRCN0000021242	MECP2	18	16	14	4	9	3
TRCN0000021243	MECP2	14	14	17	26	35	17
TRCN0000035194	MGAT1	11	11	15	6	7	3
TRCN0000035197	MGAT1	5	5	3	3	9	71
TRCN0000046393	MIOX	15	13	5	48	34	41
TRCN0000046394	MIOX	12	11	25	29	9	31
TRCN0000046395	MIOX	10	9	10	26	24	15
TRCN0000046396	MIOX	10	8	11	6	2	5
TRCN0000046397	MIOX	11	12	10	1	6	1
TRCN0000074498	MKI67IP	22	23	22	31	25	58
TRCN0000074499	MKI67IP	25	23	26	2	7	10
TRCN0000074500	MKI67IP	23	22	16	15	4	9
TRCN0000074501	MKI67IP	29	30	24	12	6	47
TRCN0000074502	MKI67IP	19	21	19	1	1	2
TRCN0000015393	MKL2	13	13	7	11	17	7
TRCN0000015395	MKL2	17	18	11	37	35	40
TRCN0000015396	MKL2	12	13	12	7	12	6
TRCN0000015397	MKL2	12	11	17	1	1	1
TRCN0000051918	MMP25	27	28	30	63	81	94
TRCN0000051919	MMP25	17	18	21	6	5	35
TRCN0000051921	MMP25	58	56	82	122	258	144
TRCN0000051922	MMP25	6	7	11	2	1	1
TRCN0000014748	MNX1	20	22	26	12	21	15
TRCN0000014749	MNX1	16	12	22	2	7	3
TRCN0000014750	MNX1	18	21	19	32	10	6
TRCN0000014752	MNX1	12	9	18	2	5	3
TRCN0000107305	MORF4L2	14	14	14	20	17	12
TRCN0000107307	MORF4L2	11	12	15	1	1	1
TRCN0000107308	MORF4L2	8	9	6	1	3	1
TRCN0000107309	MORF4L2	8	7	10	1	1	2
TRCN0000061693	MS4A5	12	13	7	79	27	51
TRCN0000061696	MS4A5	16	16	13	13	16	21
TRCN0000072608	MT1F	15	17	21	4	12	6
TRCN0000072609	MT1F	19	16	22	4	8	3
TRCN0000072610	MT1F	11	10	19	8	9	12
TRCN0000072611	MT1F	26	27	24	44	47	42
TRCN0000072612	MT1F	19	20	23	6	73	40
TRCN0000035074	MTFMT	11	3	23	1	8	9
TRCN0000035076	MTFMT	75	78	71	415	301	250
TRCN0000035077	MTFMT	49	52	41	3	3	14
TRCN0000035078	MTFMT	16	16	15	11	5	8
TRCN0000082643	MTMR12	55	62	41	73	45	69
TRCN0000082644	MTMR12	20	20	19	6	7	2
TRCN0000082645	MTMR12	14	13	7	3	8	6
TRCN0000082646	MTMR12	23	22	19	63	75	41
TRCN0000082647	MTMR12	23	25	21	48	202	58
TRCN0000002991	MTMR4	7	7	4	1	1	3
TRCN0000002992	MTMR4	15	15	14	7	32	7
TRCN0000002993	MTMR4	4	3	4	1	3	2
TRCN0000020804	MYF6	11	7	7	14	35	22
TRCN0000020805	MYF6	16	16	21	26	15	17
TRCN0000020806	MYF6	9	5	24	3	2	8
TRCN0000020807	MYF6	9	9	13	4	4	4
TRCN0000083598	MYH2	63	65	67	34	35	18
TRCN0000083599	MYH2	44	46	56	53	42	27
TRCN0000083600	MYH2	34	31	33	36	40	14
TRCN0000083601	MYH2	51	53	56	253	352	285
TRCN0000083602	MYH2	12	13	11	3	3	1
TRCN0000083308	MYH7	9	10	13	23	15	9
TRCN0000083309	MYH7	33	36	36	11	5	3
TRCN0000083310	MYH7	26	24	17	59	15	36
TRCN0000083311	MYH7	16	17	20	5	1	3
TRCN0000083312	MYH7	14	15	9	5	8	14
TRCN0000002198	MYO3A	11	12	12	4	1	2
TRCN0000002200	MYO3A	8	7	11	5	30	2
TRCN0000002201	MYO3A	13	14	15	5	14	49
TRCN0000045820	NARS	4	4	5	1	1	1
TRCN0000045821	NARS	11	11	12	2	7	2
TRCN0000034909	NAT2	17	17	16	46	31	26
TRCN0000034911	NAT2	10	8	14	2	12	3
TRCN0000034913	NAT2	15	16	13	18	33	40
TRCN0000033604	NBEA	51	42	58	41	29	66
TRCN0000033605	NBEA	19	15	14	18	3	12
TRCN0000033606	NBEA	79	72	8	91	92	100
TRCN0000033607	NBEA	18	17	16	4	8	6
TRCN0000033608	NBEA	19	20	23	14	57	22
TRCN0000005585	NCRNA00288	15	15	19	1	3	6
TRCN0000005586	NCRNA00288	12	12	14	2	1	1
TRCN0000005587	NCRNA00288	14	15	26	2	1	1
TRCN0000026435	NDUFA1	14	10	12	3	36	3
TRCN0000026456	NDUFA1	15	16	23	8	13	8
TRCN0000026468	NDUFA1	11	12	11	3	5	1
TRCN0000026492	NDUFA1	13	14	9	3	5	4
TRCN0000021579	NEK1	16	17	10	31	29	34
TRCN0000021580	NEK1	18	17	8	9	6	32
TRCN0000021581	NEK1	17	17	8	48	43	17
TRCN0000021582	NEK1	9	9	9	14	17	21
TRCN0000021583	NEK1	8	8	9	16	12	30
TRCN0000007090	NEK8	7	8	12	3	1	6
TRCN0000014623	NFE2L1	21	22	17	39	46	102
TRCN0000014625	NFE2L1	13	13	15	9	12	9
TRCN0000014627	NFE2L1	14	14	22	2	4	5
TRCN0000006513	NFKB2	9	10	6	9	9	14
TRCN0000006514	NFKB2	21	23	18	22	11	21
TRCN0000006515	NFKB2	8	7	6	2	5	1
TRCN0000017153	NKX2-2	26	21	27	9	27	13
TRCN0000017154	NKX2-2	11	7	14	2	1	1
TRCN0000017155	NKX2-2	7	8	6	1	1	1
TRCN0000017157	NKX2-2	8	6	8	2	6	6
TRCN0000051733	NPEPL1	18	18	16	19	40	41
TRCN0000051734	NPEPL1	18	18	20	4	5	4
TRCN0000051735	NPEPL1	17	14	28	28	82	7
TRCN0000051736	NPEPL1	16	16	11	3	14	17
TRCN0000051737	NPEPL1	7	8	7	2	5	1
TRCN0000007325	NPR1	20	20	25	19	1	2
TRCN0000007327	NPR1	18	21	17	6	10	10
TRCN0000007328	NPR1	14	12	16	43	54	10
TRCN0000007329	NPR1	4	4	7	5	1	2
TRCN0000063308	NRP2	25	24	24	3	17	39
TRCN0000063309	NRP2	13	12	8	155	180	181
TRCN0000063310	NRP2	18	16	30	17	22	25
TRCN0000063311	NRP2	16	15	15	1	1	1
TRCN0000063312	NRP2	7	9	14	1	1	1
TRCN0000007916	NTHL1	10	10	15	3	1	1
TRCN0000007917	NTHL1	5	5	5	1	1	3
TRCN0000007918	NTHL1	12	10	15	1	5	4
TRCN0000004135	NUB1	26	26	22	11	24	35
TRCN0000004136	NUB1	12	14	15	66	10	8
TRCN0000004137	NUB1	23	19	22	19	26	26
TRCN0000004138	NUB1	28	28	39	6	9	10
TRCN0000005554	NUP214	13	12	13	6	2	5
TRCN0000005555	NUP214	20	20	23	2	1	1
TRCN0000005556	NUP214	14	16	18	1	3	1
TRCN0000005557	NUP214	19	20	18	33	22	69
TRCN0000005558	NUP214	16	17	18	1	1	1
TRCN0000005008	OAS1	17	20	18	58	46	38
TRCN0000005009	OAS1	22	25	24	28	7	76
TRCN0000005331	OCM2	15	15	19	16	18	18
TRCN0000005332	OCM2	6	3	15	1	2	1
TRCN0000005333	OCM2	18	20	26	1	1	1
TRCN0000005334	OCM2	14	13	19	2	16	1
TRCN0000005335	OCM2	7	5	5	2	2	3
TRCN0000060518	OLR1	12	9	13	10	16	32
TRCN0000060519	OLR1	11	5	4	4	5	2
TRCN0000060520	OLR1	19	20	15	5	2	4
TRCN0000060521	OLR1	24	24	29	26	31	24
TRCN0000060522	OLR1	18	18	24	21	24	28
TRCN0000063289	OR2T1	11	10	12	1	2	4
TRCN0000063290	OR2T1	11	7	15	2	1	6
TRCN0000063291	OR2T1	18	23	15	40	12	80
TRCN0000063292	OR2T1	9	9	8	2	5	17
TRCN0000060713	OR51D1	13	15	20	2	1	2
TRCN0000060715	OR51D1	21	21	16	5	15	20
TRCN0000060716	OR51D1	17	18	11	17	32	16
TRCN0000060717	OR51D1	14	12	17	2	4	1
TRCN0000060848	OR5W2	16	13	14	53	13	112
TRCN0000060849	OR5W2	21	20	29	12	21	45
TRCN0000060850	OR5W2	16	17	20	18	22	18
TRCN0000060851	OR5W2	35	34	25	9	15	1
TRCN0000060852	OR5W2	11	11	5	4	1	1
TRCN0000060453	OR6S1	15	15	11	1	2	1
TRCN0000060454	OR6S1	19	19	12	29	38	26
TRCN0000060455	OR6S1	36	37	42	5	5	6
TRCN0000060457	OR6S1	57	58	46	134	101	105
TRCN0000058683	OSMR	10	10	12	16	7	61
TRCN0000058684	OSMR	7	5	8	4	3	3
TRCN0000058685	OSMR	8	8	9	5	4	8
TRCN0000058686	OSMR	5	3	8	1	1	1
TRCN0000058687	OSMR	7	8	7	1	1	1
TRCN0000015528	OTX1	26	25	28	13	13	22
TRCN0000015529	OTX1	14	15	13	5	28	3
TRCN0000015530	OTX1	25	26	24	229	283	144
TRCN0000015531	OTX1	25	26	28	24	25	17
TRCN0000008936	OXGR1	12	13	8	28	3	2
TRCN0000008937	OXGR1	14	15	19	20	20	41
TRCN0000008938	OXGR1	9	9	7	1	1	1
TRCN0000008939	OXGR1	17	18	16	30	33	6
TRCN0000008940	OXGR1	4	4	4	1	1	8
TRCN0000001586	OXSR1	20	20	24	109	16	35
TRCN0000001588	OXSR1	22	24	14	15	23	41
TRCN0000045093	P2RX7	13	13	19	3	10	8
TRCN0000045094	P2RX7	7	7	11	1	2	1
TRCN0000045095	P2RX7	16	16	23	13	36	12
TRCN0000045097	P2RX7	24	22	36	18	10	8
TRCN0000037704	PANK3	9	5	8	30	31	24
TRCN0000037706	PANK3	70	59	40	156	19	1
TRCN0000037707	PANK3	15	12	14	51	7	7
TRCN0000037708	PANK3	22	20	23	9	28	21
TRCN0000051298	PAPL	35	37	33	14	13	21
TRCN0000051299	PAPL	22	25	24	13	8	26
TRCN0000051300	PAPL	19	14	19	18	16	16
TRCN0000051301	PAPL	9	9	12	3	8	1
TRCN0000051302	PAPL	18	19	20	5	6	13
TRCN0000020379	PAX9	19	21	17	10	56	35
TRCN0000020380	PAX9	10	10	8	7	11	7
TRCN0000020381	PAX9	11	12	15	2	4	7
TRCN0000020382	PAX9	11	13	13	10	12	27
TRCN0000020383	PAX9	27	30	37	1	1	7
TRCN0000078423	PCCA	41	37	35	95	248	79
TRCN0000078424	PCCA	25	25	19	45	34	55
TRCN0000078425	PCCA	28	26	30	2	3	11
TRCN0000078426	PCCA	22	16	18	3	3	2
TRCN0000078427	PCCA	19	17	21	1	3	8
TRCN0000055938	PCDH9	44	45	49	9	10	11
TRCN0000055939	PCDH9	21	24	20	79	15	47
TRCN0000055940	PCDH9	24	22	26	1	1	6
TRCN0000055941	PCDH9	8	9	9	14	20	35
TRCN0000055942	PCDH9	15	13	25	29	24	13
TRCN0000056263	PCDHGB6	35	36	34	36	26	19
TRCN0000056264	PCDHGB6	22	22	18	13	10	8
TRCN0000056265	PCDHGB6	11	10	15	1	6	4
TRCN0000056266	PCDHGB6	23	23	19	8	9	10
TRCN0000056267	PCDHGB6	23	24	20	43	138	50
TRCN0000056133	PCDHGC4	14	13	9	6	9	193
TRCN0000056134	PCDHGC4	28	27	31	45	47	14
TRCN0000056135	PCDHGC4	14	14	18	15	21	28
TRCN0000056136	PCDHGC4	14	14	16	10	19	9
TRCN0000056137	PCDHGC4	31	30	33	129	54	53
TRCN0000073128	PCGF1	10	9	10	5	5	3
TRCN0000073129	PCGF1	13	12	8	2	2	2
TRCN0000073130	PCGF1	13	11	9	2	1	2
TRCN0000073131	PCGF1	11	13	10	14	46	14
TRCN0000073132	PCGF1	13	13	13	2	7	6
TRCN0000072373	PDAP1	24	24	29	2	2	1
TRCN0000072374	PDAP1	13	15	18	2	1	1
TRCN0000072375	PDAP1	13	13	16	9	11	20
TRCN0000072376	PDAP1	12	14	11	2	1	1
TRCN0000072377	PDAP1	29	28	27	18	23	12
TRCN0000074183	PER1	17	16	17	11	14	15
TRCN0000074184	PER1	12	12	10	6	18	2
TRCN0000074187	PER1	9	8	14	20	17	9
TRCN0000049053	PGM3	23	28	24	16	21	11
TRCN0000049054	PGM3	27	30	20	20	24	45
TRCN0000049055	PGM3	29	29	39	2	12	1
TRCN0000049056	PGM3	36	38	38	15	20	7
TRCN0000049057	PGM3	35	38	36	52	32	25
TRCN0000050658	PHPT1	13	11	15	16	15	9
TRCN0000050659	PHPT1	21	20	20	29	33	22
TRCN0000220609	PIP4K2A	11	9	8	11	9	11
TRCN0000029759	PITPNM1	34	36	26	8	6	6
TRCN0000029760	PITPNM1	34	36	39	158	166	118
TRCN0000029761	PITPNM1	12	13	17	14	7	45
TRCN0000029762	PITPNM1	16	15	19	7	1	6
TRCN0000062318	PKD1	18	17	25	28	10	22
TRCN0000062319	PKD1	29	32	38	12	3	8
TRCN0000062320	PKD1	6	3	6	3	4	16
TRCN0000062321	PKD1	16	16	13	15	8	6
TRCN0000062322	PKD1	16	14	23	43	25	20
TRCN0000060388	PLXDC2	16	17	21	68	7	32
TRCN0000060389	PLXDC2	15	16	12	38	64	116
TRCN0000060390	PLXDC2	31	29	35	128	88	57
TRCN0000060391	PLXDC2	21	21	18	5	20	12
TRCN0000060392	PLXDC2	12	12	10	4	2	1
TRCN0000048878	PNPLA6	10	8	8	21	12	20
TRCN0000048881	PNPLA6	25	24	16	11	18	18
TRCN0000048882	PNPLA6	16	15	25	6	13	9
TRCN0000049133	PPIAP8	43	48	75	42	84	31
TRCN0000049134	PPIAP8	25	28	28	82	47	78
TRCN0000049135	PPIAP8	12	11	13	14	20	6
TRCN0000049136	PPIAP8	11	10	11	1	4	1
TRCN0000049137	PPIAP8	15	16	21	11	5	7
TRCN0000006947	PPP1R14A	4	4	3	2	3	3
TRCN0000006948	PPP1R14A	5	4	5	12	17	2
TRCN0000019939	PQBP1	13	13	15	5	4	3
TRCN0000019940	PQBP1	5	6	4	4	12	22
TRCN0000019941	PQBP1	14	16	20	3	7	2
TRCN0000019942	PQBP1	12	13	18	3	10	20
TRCN0000013608	PRDM1	26	28	27	7	6	11
TRCN0000013609	PRDM1	6	4	5	1	2	2
TRCN0000013610	PRDM1	28	27	21	9	1	5
TRCN0000013611	PRDM1	29	28	27	3	3	7
TRCN0000013612	PRDM1	27	26	22	69	17	40
TRCN0000037790	PRKCDBP	12	11	13	2	7	1
TRCN0000037791	PRKCDBP	9	9	12	4	2	8
TRCN0000037792	PRKCDBP	4	4	7	4	14	2
TRCN0000037793	PRKCDBP	7	5	8	4	1	3
TRCN0000000844	PRKCE	19	19	23	22	47	37
TRCN0000000846	PRKCE	12	12	11	6	1	18
TRCN0000000847	PRKCE	16	16	17	6	3	5
TRCN0000000848	PRKCE	17	18	20	19	12	10
TRCN0000051963	PRSS21	41	41	26	5	11	9
TRCN0000051964	PRSS21	45	47	42	270	173	181
TRCN0000051965	PRSS21	28	22	50	15	68	56
TRCN0000051966	PRSS21	22	21	29	1	10	3
TRCN0000051967	PRSS21	18	17	22	6	13	12
TRCN0000083793	PSAP	32	32	31	41	37	41
TRCN0000083794	PSAP	56	59	67	39	20	38
TRCN0000083795	PSAP	16	17	17	3	5	1
TRCN0000083796	PSAP	69	69	74	15	74	21
TRCN0000083797	PSAP	26	27	28	2	4	4
TRCN0000003884	PSMA4	11	11	12	1	1	1
TRCN0000003885	PSMA4	9	10	8	1	9	7
TRCN0000003886	PSMA4	21	22	22	1	1	1
TRCN0000003887	PSMA4	10	11	11	1	1	1
TRCN0000003888	PSMA4	12	12	10	1	2	1
TRCN0000046844	PSMA8	10	9	8	23	52	54
TRCN0000046846	PSMA8	9	10	11	19	8	12
TRCN0000046847	PSMA8	6	5	4	58	11	14
TRCN0000007181	PSMC2	19	17	20	17	57	46
TRCN0000007183	PSMC2	18	15	21	3	1	1
TRCN0000007184	PSMC2	18	16	23	14	13	10
TRCN0000007185	PSMC2	16	17	13	1	1	3
TRCN0000058108	PSMD13	14	14	15	2	2	1
TRCN0000058109	PSMD13	17	17	20	2	1	1
TRCN0000058111	PSMD13	34	35	42	20	7	83
TRCN0000058112	PSMD13	4	4	3	1	1	1
TRCN0000058118	PSMD3	10	12	15	2	1	1
TRCN0000058119	PSMD3	10	9	5	3	3	2
TRCN0000058120	PSMD3	40	46	48	12	12	5
TRCN0000058121	PSMD3	31	30	34	5	2	3
TRCN0000058122	PSMD3	13	13	11	1	1	1
TRCN0000064183	QSOX1	28	27	33	7	30	9
TRCN0000064184	QSOX1	24	21	19	49	102	99
TRCN0000064185	QSOX1	25	26	40	2	1	8
TRCN0000064186	QSOX1	22	23	31	12	64	15
TRCN0000064187	QSOX1	16	16	20	3	10	7
TRCN0000048138	RAB22A	35	36	35	23	15	42
TRCN0000048139	RAB22A	43	44	44	21	23	16
TRCN0000048140	RAB22A	57	45	50	74	112	100
TRCN0000048142	RAB22A	31	34	35	59	90	90
TRCN0000047643	RAB42	5	4	30	4	7	4
TRCN0000047644	RAB42	15	15	22	90	133	146
TRCN0000047646	RAB42	16	15	20	3	1	1
TRCN0000047983	RAB6A	21	19	27	6	5	21
TRCN0000047984	RAB6A	24	20	3	33	28	39
TRCN0000047986	RAB6A	28	27	24	58	96	67
TRCN0000047987	RAB6A	26	25	21	32	60	69
TRCN0000007994	RAB7A	10	9	12	41	22	19
TRCN0000007995	RAB7A	12	13	8	7	9	11
TRCN0000007996	RAB7A	12	12	16	4	1	2
TRCN0000007997	RAB7A	22	25	22	28	21	48
TRCN0000007998	RAB7A	12	15	10	3	4	9
TRCN0000048269	RASGRP1	21	22	25	7	19	16
TRCN0000048271	RASGRP1	212	224	179	8	4	10
TRCN0000048272	RASGRP1	42	45	39	8	9	20
TRCN0000074733	RBM10	14	6	20	2	2	5
TRCN0000074734	RBM10	14	16	16	6	5	9
TRCN0000074735	RBM10	23	25	29	89	49	77
TRCN0000074736	RBM10	17	16	22	5	7	1
TRCN0000074737	RBM10	22	16	31	3	4	7
TRCN0000063388	REEP4	26	25	33	4	5	11
TRCN0000063389	REEP4	20	20	18	20	41	44
TRCN0000063390	REEP4	13	14	10	30	31	31
TRCN0000063391	REEP4	16	14	15	48	20	16
TRCN0000033689	RFPL1	10	11	11	56	81	54
TRCN0000033690	RFPL1	15	17	19	18	40	50
TRCN0000033691	RFPL1	30	30	26	3	4	3
TRCN0000033692	RFPL1	12	13	11	5	4	7
TRCN0000033693	RFPL1	7	4	21	1	3	2
TRCN0000009865	RHEB	5	5	5	1	1	7
TRCN0000010424	RHEB	9	8	7	1	1	2
TRCN0000010425	RHEB	11	11	5	4	1	1
TRCN0000039598	RHEB	9	9	7	9	11	4
TRCN0000039599	RHEB	7	7	3	5	6	3
TRCN0000039600	RHEB	6	5	5	19	18	7
TRCN0000039601	RHEB	4	5	5	3	1	2
TRCN0000047963	RHOBTB2	23	27	27	18	12	10
TRCN0000047964	RHOBTB2	9	11	13	27	20	25
TRCN0000047965	RHOBTB2	29	28	25	72	32	32
TRCN0000047966	RHOBTB2	14	14	18	5	11	27
TRCN0000047967	RHOBTB2	20	21	21	5	16	3
TRCN0000063703	RIMS3	37	38	32	72	55	37
TRCN0000063706	RIMS3	28	27	22	34	15	36
TRCN0000063707	RIMS3	8	9	10	2	2	3
TRCN0000033774	RNF139	26	25	24	21	9	26
TRCN0000033775	RNF139	11	12	9	2	1	1
TRCN0000033776	RNF139	125	140	143	4	13	4
TRCN0000033777	RNF139	18	16	12	8	12	12
TRCN0000033778	RNF139	23	24	15	41	21	33
TRCN0000049833	RNH1	23	24	25	2	7	18
TRCN0000049834	RNH1	22	21	19	16	25	19
TRCN0000049835	RNH1	5	4	3	1	6	3
TRCN0000049836	RNH1	12	12	20	40	38	10
TRCN0000049837	RNH1	24	24	21	13	24	23
TRCN0000084128	RP1	21	26	30	17	24	8
TRCN0000084129	RP1	44	46	40	13	20	30
TRCN0000084130	RP1	34	27	31	49	55	51
TRCN0000084131	RP1	23	27	20	3	2	4
TRCN0000084132	RP1	13	12	8	4	1	3
TRCN0000047474	RPGR	9	5	10	3	3	6
TRCN0000047475	RPGR	17	18	20	36	31	25
TRCN0000047477	RPGR	11	11	8	9	8	18
TRCN0000072983	RPL29	16	15	14	2	7	1
TRCN0000072984	RPL29	27	23	30	8	8	8
TRCN0000072985	RPL29	23	25	17	2	3	6
TRCN0000072986	RPL29	13	14	8	30	19	5
TRCN0000072987	RPL29	18	20	23	53	61	12
TRCN0000008640	RPS14	13	12	14	1	1	1
TRCN0000008641	RPS14	20	23	24	1	1	1
TRCN0000008642	RPS14	7	8	10	2	4	1
TRCN0000008643	RPS14	14	15	15	1	1	1
TRCN0000074753	RPS5	16	19	27	1	1	1
TRCN0000074755	RPS5	37	31	39	140	55	68
TRCN0000074756	RPS5	12	12	12	6	11	3
TRCN0000074757	RPS5	16	16	22	1	1	1
TRCN0000021789	SCAND2	15	16	19	11	15	68
TRCN0000021791	SCAND2	19	19	12	35	33	20
TRCN0000021793	SCAND2	19	20	25	30	15	13
TRCN0000083898	SCGB3A2	27	29	47	55	65	22
TRCN0000083900	SCGB3A2	16	16	17	6	3	4
TRCN0000083901	SCGB3A2	28	31	24	50	39	33
TRCN0000083902	SCGB3A2	30	32	29	15	15	13
TRCN0000044343	SCN1B	7	7	8	8	6	3
TRCN0000044344	SCN1B	18	19	21	3	1	1
TRCN0000044346	SCN1B	20	14	27	13	11	8
TRCN0000044347	SCN1B	8	5	3	1	1	3
TRCN0000063213	SEMA3D	24	24	30	25	8	740
TRCN0000063214	SEMA3D	25	24	24	22	57	40
TRCN0000063215	SEMA3D	19	19	26	15	2	2
TRCN0000063216	SEMA3D	13	14	10	39	37	92
TRCN0000063217	SEMA3D	13	11	15	1	1	1
TRCN0000063543	SEMA5A	22	15	30	46	69	59
TRCN0000063545	SEMA5A	38	35	33	2	5	1
TRCN0000063546	SEMA5A	8	3	27	8	15	27
TRCN0000063547	SEMA5A	29	32	38	30	35	18
TRCN0000060473	SEMA5B	33	36	33	11	18	10
TRCN0000060474	SEMA5B	34	32	39	4	1	3
TRCN0000004543	SENP7	21	20	30	9	17	12
TRCN0000004544	SENP7	22	21	20	1	2	4
TRCN0000004545	SENP7	28	29	28	6	1	2
TRCN0000004547	SENP7	26	25	21	58	51	34
TRCN0000115947	SERINC3	6	7	10	18	5	4
TRCN0000115948	SERINC3	12	13	10	2	8	3
TRCN0000115949	SERINC3	9	11	8	9	8	3
TRCN0000115950	SERINC3	19	21	17	42	77	48
TRCN0000115951	SERINC3	10	11	18	1	4	1
TRCN0000052408	SERPINB4	14	14	16	5	6	9
TRCN0000052409	SERPINB4	15	16	14	39	59	46
TRCN0000052410	SERPINB4	10	11	10	10	5	19
TRCN0000052411	SERPINB4	20	22	21	41	41	18
TRCN0000052412	SERPINB4	19	20	20	11	7	18
TRCN0000052298	SERPINB5	12	12	18	12	6	6
TRCN0000052299	SERPINB5	18	17	16	5	6	4
TRCN0000052300	SERPINB5	8	7	8	1	4	1
TRCN0000052301	SERPINB5	10	10	10	5	5	2
TRCN0000052302	SERPINB5	22	21	13	30	21	42
TRCN0000052324	SERPINB8	17	18	15	43	62	27
TRCN0000052325	SERPINB8	18	16	14	2	39	4
TRCN0000052326	SERPINB8	16	19	7	8	4	6
TRCN0000006597	SF3A1	22	23	23	1	1	1
TRCN0000006598	SF3A1	16	16	14	11	1	7
TRCN0000006599	SF3A1	13	14	11	1	1	1
TRCN0000006600	SF3A1	5	5	5	1	1	1
TRCN0000006601	SF3A1	23	25	24	1	1	1
TRCN0000000054	SF3A3	14	13	16	20	3	1
TRCN0000000055	SF3A3	13	13	9	3	2	2
TRCN0000000056	SF3A3	12	8	12	3	1	1
TRCN0000000058	SF3A3	14	15	14	47	12	5
TRCN0000000039	SF3B4	16	16	17	1	1	3
TRCN0000000040	SF3B4	20	18	17	1	1	1
TRCN0000000041	SF3B4	22	21	23	4	1	2
TRCN0000000042	SF3B4	11	12	10	2	3	1
TRCN0000000043	SF3B4	11	10	16	2	3	4
TRCN0000029034	SFTPD	6	7	6	14	3	8
TRCN0000029036	SFTPD	15	14	17	2	4	1
TRCN0000029037	SFTPD	11	11	8	9	3	3
TRCN0000029038	SFTPD	10	9	13	4	4	4
TRCN0000040278	SHANK2	37	44	38	58	44	48
TRCN0000040279	SHANK2	19	20	20	26	29	15
TRCN0000040280	SHANK2	66	69	72	12	35	23
TRCN0000040281	SHANK2	36	34	27	22	46	37
TRCN0000073238	SIAH3	19	18	26	58	72	100
TRCN0000073240	SIAH3	32	36	48	50	54	33
TRCN0000073241	SIAH3	12	10	6	9	16	12
TRCN0000029774	SKAP2	20	20	19	61	26	26
TRCN0000029775	SKAP2	17	19	13	2	5	1
TRCN0000029776	SKAP2	21	22	13	25	7	39
TRCN0000029777	SKAP2	20	22	23	26	3	16
TRCN0000029778	SKAP2	15	13	16	4	3	1
TRCN0000043673	SLC13A5	16	17	25	11	11	3
TRCN0000043675	SLC13A5	7	7	3	2	1	7
TRCN0000043676	SLC13A5	12	12	12	8	21	22
TRCN0000043677	SLC13A5	12	12	13	3	2	3
TRCN0000038650	SLC16A9	20	23	18	43	43	27
TRCN0000038651	SLC16A9	21	23	23	20	36	47
TRCN0000038653	SLC16A9	20	19	13	37	4	3
TRCN0000044753	SLC18A1	11	10	14	2	2	1
TRCN0000044754	SLC18A1	5	5	6	50	5	25
TRCN0000044755	SLC18A1	11	12	9	11	9	16
TRCN0000038699	SLC22A18	12	12	16	1	1	6
TRCN0000038703	SLC22A18	5	6	5	11	1	6
TRCN0000043848	SLC24A4	10	11	12	2	3	2
TRCN0000043849	SLC24A4	20	21	18	22	13	12
TRCN0000043850	SLC24A4	32	34	37	57	71	129
TRCN0000043851	SLC24A4	13	13	12	4	5	3
TRCN0000043852	SLC24A4	9	11	10	7	5	11
TRCN0000044623	SLC25A16	16	18	19	2	1	5
TRCN0000044624	SLC25A16	20	22	16	11	32	71
TRCN0000044625	SLC25A16	17	18	24	40	15	27
TRCN0000044626	SLC25A16	20	22	27	16	35	71
TRCN0000044627	SLC25A16	7	8	8	1	4	1
TRCN0000043953	SLC25A18	7	8	5	4	24	13
TRCN0000043954	SLC25A18	21	21	25	4	1	1
TRCN0000043955	SLC25A18	9	9	8	37	16	1
TRCN0000043956	SLC25A18	11	9	7	1	2	3
TRCN0000043957	SLC25A18	12	13	21	3	4	1
TRCN0000044153	SLC25A26	14	14	16	28	40	34
TRCN0000044154	SLC25A26	12	10	19	11	5	35
TRCN0000044155	SLC25A26	9	11	8	5	2	1
TRCN0000044156	SLC25A26	6	5	8	2	1	2
TRCN0000044157	SLC25A26	11	13	8	17	10	18
TRCN0000020179	SLC26A3	12	12	12	28	38	23
TRCN0000020182	SLC26A3	6	5	5	1	1	1
TRCN0000020183	SLC26A3	7	7	7	9	1	5
TRCN0000038375	SLC30A4	14	16	10	28	14	22
TRCN0000038376	SLC30A4	10	9	6	1	1	1
TRCN0000038377	SLC30A4	22	22	16	6	12	14
TRCN0000038378	SLC30A4	22	19	20	41	20	8
TRCN0000038544	SLC35D1	25	27	32	20	10	21
TRCN0000038545	SLC35D1	25	23	38	13	9	33
TRCN0000038546	SLC35D1	25	27	19	38	92	49
TRCN0000038547	SLC35D1	17	17	19	28	27	6
TRCN0000038548	SLC35D1	19	19	26	8	10	22
TRCN0000043323	SLC37A2	11	10	9	4	2	4
TRCN0000043324	SLC37A2	18	18	18	6	7	11
TRCN0000043325	SLC37A2	11	11	10	18	11	8
TRCN0000043326	SLC37A2	9	9	12	3	10	3
TRCN0000043079	SLC7A9	9	9	8	3	10	10
TRCN0000043080	SLC7A9	28	30	33	22	18	51
TRCN0000043081	SLC7A9	14	9	19	26	9	31
TRCN0000043082	SLC7A9	47	51	69	10	48	27
TRCN0000000894	SLK	13	15	14	6	16	7
TRCN0000000895	SLK	14	14	12	10	4	4
TRCN0000000896	SLK	17	16	27	4	2	2
TRCN0000000897	SLK	15	16	16	8	5	2
TRCN0000000898	SLK	10	12	6	14	18	27
TRCN0000020010	SMAD3	11	11	10	3	10	7
TRCN0000020011	SMAD3	13	14	11	7	19	10
TRCN0000020012	SMAD3	11	10	8	6	2	6
TRCN0000020013	SMAD3	11	12	16	2	2	2
TRCN0000015548	SMARCA4	14	16	8	6	16	6
TRCN0000015550	SMARCA4	23	23	31	1	1	5
TRCN0000015551	SMARCA4	18	17	16	2	1	3
TRCN0000017448	SOX18	10	9	11	11	20	13
TRCN0000017449	SOX18	6	4	12	6	12	14
TRCN0000017452	SOX18	7	4	12	6	6	2
TRCN0000014968	SUB1	15	15	9	7	5	14
TRCN0000014969	SUB1	10	11	6	1	1	2
TRCN0000014970	SUB1	15	15	22	39	64	84
TRCN0000014971	SUB1	12	12	12	6	6	32
TRCN0000061603	SYNE2	20	21	14	2	1	1
TRCN0000061604	SYNE2	20	22	17	28	13	39
TRCN0000061605	SYNE2	25	23	16	3	2	3
TRCN0000061606	SYNE2	14	14	16	7	1	3
TRCN0000061607	SYNE2	14	14	20	20	9	12
TRCN0000059473	SYT13	32	36	27	35	37	38
TRCN0000059474	SYT13	7	6	16	1	1	1
TRCN0000059475	SYT13	44	41	48	16	23	29
TRCN0000059476	SYT13	40	44	61	142	124	110
TRCN0000059477	SYT13	25	23	15	10	49	20
TRCN0000016608	TAF3	19	20	30	2	4	10
TRCN0000016609	TAF3	13	10	14	4	5	6
TRCN0000016610	TAF3	9	9	9	2	28	139
TRCN0000016611	TAF3	24	26	27	14	31	85
TRCN0000072748	TAGLN	48	49	52	70	65	65
TRCN0000072749	TAGLN	19	17	16	22	51	20
TRCN0000072750	TAGLN	10	12	22	567	17	44
TRCN0000072751	TAGLN	12	11	9	6	10	12
TRCN0000072752	TAGLN	11	11	12	5	3	4
TRCN0000014688	TAL1	18	18	13	1	1	1
TRCN0000014690	TAL1	6	7	6	5	1	2
TRCN0000014691	TAL1	16	17	17	65	70	43
TRCN0000001935	TAOK2	17	18	15	11	6	1
TRCN0000113891	TBCC	13	13	13	2	4	3
TRCN0000113892	TBCC	10	10	13	3	9	18
TRCN0000113894	TBCC	9	9	10	6	16	4
TRCN0000113895	TBCC	14	14	7	2	12	29
TRCN0000020854	TBX10	11	12	11	21	6	20
TRCN0000020855	TBX10	5	5	6	3	6	5
TRCN0000020856	TBX10	3	4	5	4	7	7
TRCN0000020857	TBX10	39	43	45	12	30	13
TRCN0000048948	TDP1	33	35	35	61	78	83
TRCN0000048949	TDP1	23	22	25	7	14	25
TRCN0000048950	TDP1	18	19	13	10	7	35
TRCN0000048951	TDP1	21	23	18	5	3	4
TRCN0000048952	TDP1	16	18	22	18	18	7
TRCN0000019530	THRSP	19	20	15	1	1	3
TRCN0000019531	THRSP	14	13	20	8	6	8
TRCN0000019532	THRSP	12	11	16	4	1	9
TRCN0000019533	THRSP	12	14	10	11	3	5
TRCN0000006392	TK2	20	21	21	32	29	14
TRCN0000006393	TK2	10	7	10	6	8	8
TRCN0000065028	TMED3	11	5	12	1	2	4
TRCN0000065029	TMED3	26	26	40	2	4	11
TRCN0000065030	TMED3	16	17	10	15	4	5
TRCN0000065031	TMED3	13	15	14	18	7	25
TRCN0000065032	TMED3	10	5	28	1	1	1
TRCN0000221040	TMEM189	10	11	15	1	1	1
TRCN0000221041	TMEM189	9	10	17	6	2	4
TRCN0000221043	TMEM189	63	61	65	20	8	3
TRCN0000054303	TMX3	30	32	21	8	3	6
TRCN0000054304	TMX3	28	29	27	6	7	12
TRCN0000054305	TMX3	18	20	18	2	1	1
TRCN0000054306	TMX3	22	26	11	44	9	25
TRCN0000058713	TNFRSF1A	17	16	20	22	23	60
TRCN0000058714	TNFRSF1A	7	6	11	5	3	2
TRCN0000058715	TNFRSF1A	7	8	6	2	4	2
TRCN0000058716	TNFRSF1A	11	11	12	1	1	3
TRCN0000058717	TNFRSF1A	5	5	4	1	1	1
TRCN0000034139	TRIM60	31	31	25	35	53	32
TRCN0000034140	TRIM60	17	19	24	122	78	170
TRCN0000034141	TRIM60	65	67	37	41	48	23
TRCN0000034142	TRIM60	30	29	39	10	20	29
TRCN0000034143	TRIM60	16	15	17	5	6	9
TRCN0000045008	TRPC7	8	8	10	21	19	7
TRCN0000045009	TRPC7	13	15	26	5	20	17
TRCN0000045010	TRPC7	7	6	11	2	1	2
TRCN0000045011	TRPC7	8	8	8	8	13	6
TRCN0000045012	TRPC7	27	27	33	152	130	111
TRCN0000021561	TRPM7	14	14	15	25	16	14
TRCN0000021562	TRPM7	7	6	5	6	4	1
TRCN0000021563	TRPM7	4	4	4	2	1	1
TRCN0000013518	TSC22D2	8	5	3	1	4	2
TRCN0000013519	TSC22D2	22	20	25	32	19	21
TRCN0000013520	TSC22D2	18	19	19	10	24	14
TRCN0000013521	TSC22D2	13	13	9	9	10	19
TRCN0000013522	TSC22D2	16	17	18	17	11	43
TRCN0000037534	TTBK1	16	15	17	6	32	5
TRCN0000037536	TTBK1	14	14	15	19	18	14
TRCN0000037537	TTBK1	16	18	23	31	25	21
TRCN0000037538	TTBK1	18	20	27	17	20	39
TRCN0000014203	TUBB3	14	14	13	17	19	5
TRCN0000014204	TUBB3	19	15	17	1	1	1
TRCN0000014205	TUBB3	11	10	10	1	2	3
TRCN0000014206	TUBB3	17	14	29	4	4	4
TRCN0000014207	TUBB3	16	16	32	8	39	5
TRCN0000005717	TUFT1	14	14	13	11	6	24
TRCN0000005718	TUFT1	5	5	5	1	1	1
TRCN0000005719	TUFT1	7	4	3	2	7	8
TRCN0000005720	TUFT1	22	21	8	4	8	16
TRCN0000005721	TUFT1	15	17	26	10	13	18
TRCN0000084023	TULP1	24	20	21	11	12	8
TRCN0000084024	TULP1	27	28	22	5	4	13
TRCN0000084025	TULP1	27	29	29	15	26	42
TRCN0000084027	TULP1	18	19	21	9	29	17
TRCN0000078043	TULP3	22	22	19	3	7	5
TRCN0000078044	TULP3	14	12	12	2	2	1
TRCN0000078045	TULP3	23	29	21	2	9	8
TRCN0000078046	TULP3	26	26	16	18	40	23
TRCN0000078047	TULP3	20	21	18	40	43	31
TRCN0000007753	UBE2Q2	14	14	13	11	14	3
TRCN0000007754	UBE2Q2	8	7	9	5	4	5
TRCN0000007755	UBE2Q2	6	5	5	1	2	4
TRCN0000007757	UBE2Q2	23	24	21	54	33	28
TRCN0000033705	UBE2V1	15	15	21	12	7	8
TRCN0000033706	UBE2V1	44	44	53	46	67	150
TRCN0000033707	UBE2V1	22	22	30	1	2	1
TRCN0000033708	UBE2V1	18	20	18	7	17	30
TRCN0000007545	UBE4B	10	12	8	4	37	3
TRCN0000007548	UBE4B	15	12	16	1	1	1
TRCN0000002356	UNC13B	17	18	11	2	4	1
TRCN0000002357	UNC13B	20	17	18	2	7	15
TRCN0000002358	UNC13B	16	17	24	1	2	5
TRCN0000002360	UNC13B	24	23	16	8	10	19
TRCN0000020735	USF2	13	14	16	8	32	5
TRCN0000004038	USP4	5	5	3	5	5	21
TRCN0000004039	USP4	7	9	5	3	4	16
TRCN0000004040	USP4	9	9	5	2	1	4
TRCN0000004041	USP4	4	6	4	1	1	1
TRCN0000016598	VAX2	14	16	22	4	12	5
TRCN0000016599	VAX2	4	4	4	1	1	2
TRCN0000016600	VAX2	27	27	18	42	58	28
TRCN0000016601	VAX2	15	14	22	49	33	53
TRCN0000016602	VAX2	15	12	16	20	12	2
TRCN0000065138	VPS26A	50	53	42	46	102	39
TRCN0000065139	VPS26A	31	33	51	33	24	22
TRCN0000065140	VPS26A	46	48	45	10	12	7
TRCN0000065141	VPS26A	28	28	40	4	1	1
TRCN0000065142	VPS26A	32	32	32	4	4	7
TRCN0000073683	WFDC5	16	17	17	30	25	12
TRCN0000073684	WFDC5	8	10	14	13	14	7
TRCN0000073685	WFDC5	10	11	19	5	7	3
TRCN0000073686	WFDC5	14	14	15	2	2	4
TRCN0000073687	WFDC5	8	8	14	1	1	1
TRCN0000073598	WFDC8	21	22	11	78	55	113
TRCN0000073599	WFDC8	20	21	21	47	31	19
TRCN0000073600	WFDC8	16	17	19	8	1	2
TRCN0000073601	WFDC8	21	21	33	21	86	22
TRCN0000073602	WFDC8	25	26	22	50	49	50
TRCN0000007019	WNK4	22	24	29	5	2	7
TRCN0000007020	WNK4	14	14	12	22	11	50
TRCN0000007021	WNK4	16	16	22	40	22	16
TRCN0000007022	WNK4	13	13	18	4	4	1
TRCN0000007023	WNK4	20	19	19	18	14	14
TRCN0000059898	XPOT	26	28	25	4	12	5
TRCN0000059899	XPOT	22	24	23	25	54	87
TRCN0000059900	XPOT	16	17	16	2	10	3
TRCN0000059901	XPOT	9	9	10	26	42	25
TRCN0000059902	XPOT	19	18	17	27	24	41
TRCN0000009875	XRCC4	19	18	24	171	283	208
TRCN0000040113	XRCC4	14	16	16	13	6	14
TRCN0000040117	XRCC4	7	8	8	10	7	1
TRCN0000049898	XRN2	7	9	4	8	20	5
TRCN0000049899	XRN2	39	39	37	57	72	34
TRCN0000049900	XRN2	9	3	25	1	1	5
TRCN0000049901	XRN2	6	6	4	11	18	3
TRCN0000049902	XRN2	26	26	18	56	15	83
TRCN0000017748	ZKSCAN3	30	33	35	158	236	76
TRCN0000017750	ZKSCAN3	7	6	7	1	1	6
TRCN0000017752	ZKSCAN3	25	24	27	1	7	2
TRCN0000014618	ZNF10	22	20	15	12	8	13
TRCN0000014619	ZNF10	13	15	17	37	51	28
TRCN0000014620	ZNF10	19	19	13	27	19	38
TRCN0000014621	ZNF10	17	16	23	4	10	3
TRCN0000014622	ZNF10	4	4	5	6	1	4
TRCN0000013120	ZNF212	13	12	21	14	6	23
TRCN0000013121	ZNF212	14	16	11	20	8	10
TRCN0000013122	ZNF212	12	13	12	19	3	8
TRCN0000013163	ZNF239	6	7	6	5	1	1
TRCN0000013164	ZNF239	13	13	12	21	46	11
TRCN0000013165	ZNF239	5	5	5	1	4	4
TRCN0000013167	ZNF239	9	8	3	13	5	7
TRCN0000017893	ZNF263	19	17	28	4	9	6
TRCN0000017894	ZNF263	15	15	22	4	35	5
TRCN0000017895	ZNF263	20	21	15	7	4	11
TRCN0000017896	ZNF263	22	21	16	9	13	26
TRCN0000014828	ZNF266	105	109	96	6	2	1
TRCN0000014829	ZNF266	31	30	28	1	2	1
TRCN0000014830	ZNF266	46	44	51	3	1	22
TRCN0000014831	ZNF266	20	18	14	31	21	21
TRCN0000014832	ZNF266	26	26	21	17	54	20
TRCN0000015328	ZNF354A	17	17	9	13	19	26
TRCN0000015329	ZNF354A	350	363	383	78	107	101
TRCN0000015331	ZNF354A	28	28	24	19	15	23
TRCN0000015332	ZNF354A	27	28	17	79	164	56
TRCN0000015048	ZNF41	18	12	30	8	8	10
TRCN0000015049	ZNF41	32	36	25	38	27	44
TRCN0000015050	ZNF41	16	15	10	2	1	1
TRCN0000015051	ZNF41	32	34	31	7	2	7
TRCN0000015052	ZNF41	27	28	35	6	7	23
TRCN0000017698	ZNF430	14	14	6	11	6	8
TRCN0000017699	ZNF430	15	17	9	105	36	67
TRCN0000017700	ZNF430	30	31	31	75	82	67
TRCN0000017701	ZNF430	9	8	4	2	2	2
TRCN0000017702	ZNF430	5	6	4	4	2	6
TRCN0000014888	ZNF460	18	19	21	5	35	21
TRCN0000014889	ZNF460	19	13	14	5	11	7
TRCN0000014891	ZNF460	14	15	14	4	1	2
TRCN0000017493	ZNF483	12	11	5	9	11	6
TRCN0000017494	ZNF483	59	55	46	63	112	75
TRCN0000017495	ZNF483	19	14	30	3	2	3
TRCN0000017496	ZNF483	21	19	24	4	2	2
TRCN0000017497	ZNF483	3	4	7	36	4	6
TRCN0000108125	ZNF544	8	8	9	3	41	13
TRCN0000108126	ZNF544	9	10	11	16	4	20
TRCN0000108128	ZNF544	8	9	13	18	49	25
TRCN0000015338	ZNF552	18	18	20	9	3	7
TRCN0000015339	ZNF552	17	19	16	12	8	14
TRCN0000015340	ZNF552	30	33	22	15	33	8
TRCN0000015341	ZNF552	12	13	14	8	4	1
TRCN0000015342	ZNF552	18	18	16	25	9	9
TRCN0000007820	ZSWIM2	22	22	19	47	80	31
TRCN0000007821	ZSWIM2	17	18	11	16	18	36
TRCN0000007822	ZSWIM2	14	13	5	11	21	18
TRCN0000007823	ZSWIM2	18	19	18	10	4	4
TRCN0000055664	ZZEF1	25	27	28	100	54	73
TRCN0000055665	ZZEF1	17	17	21	9	11	6
TRCN0000055667	ZZEF1	12	12	9	4	2	26
